{
  "model": {
    "a": -11.4368075778508,
    "b": -1.0053654065436428
  },
  "refs": [
    {
      "lambda_nm": 587.5,
      "order_m": 1,
      "theta_deg": -21.121225577264653
    },
    {
      "lambda_nm": 686.7,
      "order_m": 1,
      "theta_deg": -24.178507992895206
    },
    {
      "lambda_nm": 706.5,
      "order_m": 1,
      "theta_deg": -25.657193605683837
    },
    {
      "lambda_nm": 501.5,
      "order_m": 1,
      "theta_deg": -17.80417406749556
    }
  ],
  "saved_at": 1761777645.425437,
  "version": 1
}