{
  "model": {
    "a": 28.158915764918675,
    "b": -0.9288341012512904
  },
  "refs": [
    {
      "lambda_nm": 587.5,
      "order_m": 1,
      "theta_deg": -21.181172291296626
    },
    {
      "lambda_nm": 501.5,
      "order_m": 1,
      "theta_deg": -17.80417406749556
    }
  ],
  "saved_at": 1761689794.8478239,
  "version": 1
}